annualized_return,annualized_vol,sharpe,total_return,max_drawdown
0.2962045189517639,0.25114347931795905,1.160309199306111,25.332452171806167,-0.4651815697730435
