annualized_return,annualized_vol,sharpe,total_return,max_drawdown
0.2996131748544568,0.2697004734947531,1.1082845385639146,26.21890723550936,-0.4635316120498725
