annualized_return,annualized_vol,sharpe,total_return,max_drawdown
0.29969927426782195,0.26971477011827805,1.1084860135445929,26.24164985232382,-0.4635316120498725
